abstractmethod_decorator_001_T.py,completeness/single_app_tracing/function_call/decorator_function
abstractmethod_decorator_002_F.py,completeness/single_app_tracing/function_call/decorator_function
alias_001_T.py,completeness/single_app_tracing/alias
alias_002_F.py,completeness/single_app_tracing/alias
alias_003_T.py,completeness/single_app_tracing/alias
alias_004_F.py,completeness/single_app_tracing/alias
alias_005_T.py,completeness/single_app_tracing/alias
alias_006_F.py,completeness/single_app_tracing/alias
alias_007_T.py,completeness/single_app_tracing/alias
alias_008_F.py,completeness/single_app_tracing/alias
alias_009_T.py,completeness/single_app_tracing/alias
alias_010_F.py,completeness/single_app_tracing/alias
all_001_T.py,completeness/single_app_tracing/control_flow/loop_stmt
all_002_F.py,completeness/single_app_tracing/control_flow/loop_stmt
anonymous_function_001_F.py,completeness/single_app_tracing/function_call/anonymous_function_closure
anonymous_function_002_T.py,completeness/single_app_tracing/function_call/anonymous_function_closure
anonymous_function_003_F.py,completeness/single_app_tracing/function_call/anonymous_function_closure
anonymous_function_004_T.py,completeness/single_app_tracing/function_call/anonymous_function_closure
anonymous_function_005_F.py,completeness/single_app_tracing/function_call/anonymous_function_closure
anonymous_function_006_T.py,completeness/single_app_tracing/function_call/anonymous_function_closure
anonymous_function_007_F.py,completeness/single_app_tracing/function_call/anonymous_function_closure
anonymous_function_008_T.py,completeness/single_app_tracing/function_call/anonymous_function_closure
any_001_T.py,completeness/single_app_tracing/control_flow/loop_stmt
any_002_F.py,completeness/single_app_tracing/control_flow/loop_stmt
argument_passing_keyword_taint_001_T.py,completeness/single_app_tracing/function_call/argument_passing
argument_passing_keyword_taint_002_F.py,completeness/single_app_tracing/function_call/argument_passing
argument_passing_normal_value_001_F.py,completeness/single_app_tracing/function_call/argument_passing
argument_passing_normal_value_002_T.py,completeness/single_app_tracing/function_call/argument_passing
argument_passing_normal_value_003_T.py,completeness/single_app_tracing/function_call/argument_passing
argument_passing_normal_value_004_F.py,completeness/single_app_tracing/function_call/argument_passing
argument_passing_reference_001_F.py,completeness/single_app_tracing/function_call/argument_passing
argument_passing_reference_002_T.py,completeness/single_app_tracing/function_call/argument_passing
argument_passing_reference_003_F.py,completeness/single_app_tracing/function_call/argument_passing
argument_passing_reference_004_T.py,completeness/single_app_tracing/function_call/argument_passing
argument_passing_reference_005_F.py,completeness/single_app_tracing/function_call/argument_passing
argument_passing_reference_006_T.py,completeness/single_app_tracing/function_call/argument_passing
argument_passing_value_001_T.py,accuracy/context_sensitive/argument_return_value_passing
argument_passing_value_002_F.py,accuracy/context_sensitive/argument_return_value_passing
argument_passing_value_003_T.py,accuracy/context_sensitive/argument_return_value_passing
argument_passing_value_004_F.py,accuracy/context_sensitive/argument_return_value_passing
argument_passing_value_005_T.py,accuracy/context_sensitive/argument_return_value_passing
argument_passing_value_006_F.py,accuracy/context_sensitive/argument_return_value_passing
argument_passing_value_007_T.py,accuracy/context_sensitive/argument_return_value_passing
argument_passing_value_008_F.py,accuracy/context_sensitive/argument_return_value_passing
argument_passing_value_009_T.py,accuracy/context_sensitive/argument_return_value_passing
argument_passing_value_010_F.py,accuracy/context_sensitive/argument_return_value_passing
argument_passing_various_types_001_T.py,completeness/single_app_tracing/function_call/argument_passing
argument_passing_various_types_002_F.py,completeness/single_app_tracing/function_call/argument_passing
argument_passing_various_types_003_T.py,completeness/single_app_tracing/function_call/argument_passing
argument_passing_various_types_004_F.py,completeness/single_app_tracing/function_call/argument_passing
argument_passing_various_types_005_T.py,completeness/single_app_tracing/function_call/argument_passing
argument_passing_various_types_006_F.py,completeness/single_app_tracing/function_call/argument_passing
argument_passing_various_types_007_T.py,completeness/single_app_tracing/function_call/argument_passing
argument_passing_various_types_008_F.py,completeness/single_app_tracing/function_call/argument_passing
array_001_T.py,completeness/single_app_tracing/datatype/array
array_002_F.py,completeness/single_app_tracing/datatype/array
array_003_T.py,completeness/single_app_tracing/datatype/array
array_004_F.py,completeness/single_app_tracing/datatype/array
array_no_solver_001_T.py,accuracy/field_sensitive/one_dimensional_collection/numeric_index_state_no_solver
array_no_solver_002_F.py,accuracy/field_sensitive/one_dimensional_collection/numeric_index_state_no_solver
array_no_solver_003_T.py,accuracy/field_sensitive/one_dimensional_collection/numeric_index_state_no_solver
array_no_solver_004_F.py,accuracy/field_sensitive/one_dimensional_collection/numeric_index_state_no_solver
array_object_sensitive_001_T.py,accuracy/object_sensitive/collection
array_object_sensitive_002_F.py,accuracy/object_sensitive/collection
array_object_sensitive_003_T.py,accuracy/object_sensitive/collection
array_object_sensitive_004_F.py,accuracy/object_sensitive/collection
array_solver_001_T.py,accuracy/field_sensitive/one_dimensional_collection/numeric_index_state_solver
array_solver_002_F.py,accuracy/field_sensitive/one_dimensional_collection/numeric_index_state_solver
array_solver_003_T.py,accuracy/field_sensitive/one_dimensional_collection/numeric_index_state_solver
array_solver_004_F.py,accuracy/field_sensitive/one_dimensional_collection/numeric_index_state_solver
assert_001_T.py,completeness/single_app_tracing/control_flow/assert
assert_002_F.py,completeness/single_app_tracing/control_flow/assert
assign_expression_001_T.py,completeness/single_app_tracing/expression/basic_expression_operation
assign_expression_002_F.py,completeness/single_app_tracing/expression/basic_expression_operation
assign_expression_stmt_001_T.py,accuracy/flow_sensitive/normal_stmt
assign_expression_stmt_002_F.py,accuracy/flow_sensitive/normal_stmt
async_for_001_T.py,completeness/single_app_tracing/asynchronous_tracing/async_for
async_for_002_F.py,completeness/single_app_tracing/asynchronous_tracing/async_for
asynchronous_await_001_T.py,completeness/single_app_tracing/asynchronous_tracing/promise_callback_await
asynchronous_await_002_F.py,completeness/single_app_tracing/asynchronous_tracing/promise_callback_await
asynchronous_await_003_T.py,completeness/single_app_tracing/asynchronous_tracing/promise_callback_await
asynchronous_await_004_F.py,completeness/single_app_tracing/asynchronous_tracing/promise_callback_await
asynchronous_await_005_T.py,completeness/single_app_tracing/asynchronous_tracing/promise_callback_await
asynchronous_await_006_F.py,completeness/single_app_tracing/asynchronous_tracing/promise_callback_await
asynchronous_await_007_T.py,completeness/single_app_tracing/asynchronous_tracing/promise_callback_await
asynchronous_await_008_F.py,completeness/single_app_tracing/asynchronous_tracing/promise_callback_await
asynchronous_await_009_T.py,completeness/single_app_tracing/asynchronous_tracing/promise_callback_await
asynchronous_await_010_F.py,completeness/single_app_tracing/asynchronous_tracing/promise_callback_await
asynchronous_chain_001_T.py,accuracy/flow_sensitive/asynchronous
asynchronous_chain_002_F.py,accuracy/flow_sensitive/asynchronous
asyncio_await_001_T.py,accuracy/flow_sensitive/asynchronous
asyncio_await_002_F.py,accuracy/flow_sensitive/asynchronous
binary_expression_add_001_T.py,completeness/single_app_tracing/expression/basic_expression_operation
binary_expression_add_002_F.py,completeness/single_app_tracing/expression/basic_expression_operation
binary_expression_add_assignment_001_T.py,completeness/single_app_tracing/expression/basic_expression_operation
binary_expression_add_assignment_002_F.py,completeness/single_app_tracing/expression/basic_expression_operation
binary_expression_bitwise_and_001_T.py,completeness/single_app_tracing/expression/basic_expression_operation
binary_expression_bitwise_and_002_F.py,completeness/single_app_tracing/expression/basic_expression_operation
binary_expression_bitwise_or_001_T.py,completeness/single_app_tracing/expression/basic_expression_operation
binary_expression_bitwise_or_002_F.py,completeness/single_app_tracing/expression/basic_expression_operation
binary_expression_bitwise_xor_001_T.py,completeness/single_app_tracing/expression/basic_expression_operation
binary_expression_bitwise_xor_002_F.py,completeness/single_app_tracing/expression/basic_expression_operation
binary_expression_divide_assignment_001_T.py,completeness/single_app_tracing/expression/basic_expression_operation
binary_expression_divide_assignment_002_F.py,completeness/single_app_tracing/expression/basic_expression_operation
binary_expression_division_001_T.py,completeness/single_app_tracing/expression/basic_expression_operation
binary_expression_division_002_F.py,completeness/single_app_tracing/expression/basic_expression_operation
binary_expression_floor_div_case_001_T.py,completeness/single_app_tracing/expression/basic_expression_operation
binary_expression_floor_div_case_002_F.py,completeness/single_app_tracing/expression/basic_expression_operation
binary_expression_floor_division_001_T.py,completeness/single_app_tracing/expression/basic_expression_operation
binary_expression_floor_division_002_F.py,completeness/single_app_tracing/expression/basic_expression_operation
binary_expression_left_shift_001_T.py,completeness/single_app_tracing/expression/basic_expression_operation
binary_expression_left_shift_002_F.py,completeness/single_app_tracing/expression/basic_expression_operation
binary_expression_matrix_multiplication_001_T.py,completeness/single_app_tracing/expression/basic_expression_operation
binary_expression_matrix_multiplication_002_F.py,completeness/single_app_tracing/expression/basic_expression_operation
binary_expression_mod_001_T.py,completeness/single_app_tracing/expression/basic_expression_operation
binary_expression_mod_002_F.py,completeness/single_app_tracing/expression/basic_expression_operation
binary_expression_modulo_assignment_001_T.py,completeness/single_app_tracing/expression/basic_expression_operation
binary_expression_modulo_assignment_002_F.py,completeness/single_app_tracing/expression/basic_expression_operation
binary_expression_mult_001_T.py,completeness/single_app_tracing/expression/basic_expression_operation
binary_expression_mult_002_F.py,completeness/single_app_tracing/expression/basic_expression_operation
binary_expression_multiply_assignment_001_T.py,completeness/single_app_tracing/expression/basic_expression_operation
binary_expression_multiply_assignment_002_F.py,completeness/single_app_tracing/expression/basic_expression_operation
binary_expression_namedexpr_basic_001_T.py,completeness/single_app_tracing/expression/basic_expression_operation
binary_expression_namedexpr_basic_002_F.py,completeness/single_app_tracing/expression/basic_expression_operation
binary_expression_power_assignment_001_T.py,completeness/single_app_tracing/expression/basic_expression_operation
binary_expression_power_assignment_002_F.py,completeness/single_app_tracing/expression/basic_expression_operation
binary_expression_right_shift_001_T.py,completeness/single_app_tracing/expression/basic_expression_operation
binary_expression_right_shift_002_F.py,completeness/single_app_tracing/expression/basic_expression_operation
binary_expression_sub_001_T.py,completeness/single_app_tracing/expression/basic_expression_operation
binary_expression_sub_002_F.py,completeness/single_app_tracing/expression/basic_expression_operation
binary_expression_subtract_assignment_001_T.py,completeness/single_app_tracing/expression/basic_expression_operation
binary_expression_subtract_assignment_002_F.py,completeness/single_app_tracing/expression/basic_expression_operation
bitwise_expression_and_001_T.py,completeness/single_app_tracing/expression/basic_expression_operation
bitwise_expression_and_002_F.py,completeness/single_app_tracing/expression/basic_expression_operation
bitwise_expression_lsh_001_T.py,completeness/single_app_tracing/expression/basic_expression_operation
bitwise_expression_lsh_002_F.py,completeness/single_app_tracing/expression/basic_expression_operation
bitwise_expression_not_001_T.py,completeness/single_app_tracing/expression/basic_expression_operation
bitwise_expression_not_002_F.py,completeness/single_app_tracing/expression/basic_expression_operation
bitwise_expression_or_001_T.py,completeness/single_app_tracing/expression/basic_expression_operation
bitwise_expression_or_002_F.py,completeness/single_app_tracing/expression/basic_expression_operation
bitwise_expression_rsh_001_T.py,completeness/single_app_tracing/expression/basic_expression_operation
bitwise_expression_rsh_002_F.py,completeness/single_app_tracing/expression/basic_expression_operation
bitwise_expression_xor_001_T.py,completeness/single_app_tracing/expression/basic_expression_operation
bitwise_expression_xor_002_F.py,completeness/single_app_tracing/expression/basic_expression_operation
bool_001_T.py,completeness/single_app_tracing/datatype/primitives
bool_002_F.py,completeness/single_app_tracing/datatype/primitives
bool_conversion_001_T.py,completeness/single_app_tracing/expression/type_cast
bool_conversion_002_F.py,completeness/single_app_tracing/expression/type_cast
break_001_F.py,accuracy/path_sensitive/explicit_jump_control
break_002_T.py,accuracy/path_sensitive/explicit_jump_control
break_003_T.py,accuracy/path_sensitive/explicit_jump_control
break_004_F.py,accuracy/path_sensitive/explicit_jump_control
bytearray_001_T.py,completeness/single_app_tracing/datatype/bytearray
bytearray_002_F.py,completeness/single_app_tracing/datatype/bytearray
bytes_001_T.py,completeness/single_app_tracing/datatype/bytes
bytes_002_F.py,completeness/single_app_tracing/datatype/bytes
bytes_003_T.py,completeness/single_app_tracing/datatype/bytes
bytes_004_F.py,completeness/single_app_tracing/datatype/bytes
bytes_005_T.py,completeness/single_app_tracing/datatype/bytes
bytes_006_F.py,completeness/single_app_tracing/datatype/bytes
bytes_007_T.py,completeness/single_app_tracing/datatype/bytes
bytes_008_F.py,completeness/single_app_tracing/datatype/bytes
bytes_009_T.py,completeness/single_app_tracing/datatype/bytes
bytes_010_F.py,completeness/single_app_tracing/datatype/bytes
bytes_011_T.py,completeness/single_app_tracing/datatype/bytes
bytes_012_F.py,completeness/single_app_tracing/datatype/bytes
bytes_013_T.py,completeness/single_app_tracing/datatype/bytes
bytes_014_F.py,completeness/single_app_tracing/datatype/bytes
chained_call_001_F.py,completeness/single_app_tracing/function_call/chained_call
chained_call_002_T.py,completeness/single_app_tracing/function_call/chained_call
chained_call_003_T.py,completeness/single_app_tracing/function_call/chained_call
chained_call_004_F.py,completeness/single_app_tracing/function_call/chained_call
chained_override_001_T.py,completeness/single_app_tracing/function_call/override
chained_override_002_F.py,completeness/single_app_tracing/function_call/override
classmethod_decorator_001_T.py,completeness/single_app_tracing/function_call/decorator_function
classmethod_decorator_002_F.py,completeness/single_app_tracing/function_call/decorator_function
complex_001_T.py,completeness/single_app_tracing/datatype/primitives
complex_002_F.py,completeness/single_app_tracing/datatype/primitives
complex_003_T.py,completeness/single_app_tracing/datatype/primitives
complex_004_F.py,completeness/single_app_tracing/datatype/primitives
conditional_expression_001_T.py,completeness/single_app_tracing/expression/conditional_expression
conditional_expression_002_F.py,completeness/single_app_tracing/expression/conditional_expression
conditional_if_001_T.py,completeness/single_app_tracing/control_flow/conditional_stmt
conditional_if_002_F.py,completeness/single_app_tracing/control_flow/conditional_stmt
conditional_if_003_T.py,completeness/single_app_tracing/control_flow/conditional_stmt
conditional_if_004_F.py,completeness/single_app_tracing/control_flow/conditional_stmt
conditional_if_no_solver_001_F.py,accuracy/path_sensitive/loop_conditional_stmt/no_solver
conditional_if_no_solver_002_F.py,accuracy/path_sensitive/loop_conditional_stmt/no_solver
conditional_if_no_solver_003_T.py,accuracy/path_sensitive/loop_conditional_stmt/no_solver
conditional_if_no_solver_004_F.py,accuracy/path_sensitive/loop_conditional_stmt/no_solver
conditional_if_solver_001_T.py,accuracy/path_sensitive/loop_conditional_stmt/solver
conditional_if_solver_002_F.py,accuracy/path_sensitive/loop_conditional_stmt/solver
conditional_match_001_T.py,completeness/single_app_tracing/control_flow/conditional_stmt
conditional_match_002_F.py,completeness/single_app_tracing/control_flow/conditional_stmt
conditional_match_003_T.py,completeness/single_app_tracing/control_flow/conditional_stmt
conditional_match_004_F.py,completeness/single_app_tracing/control_flow/conditional_stmt
conditional_match_005_T.py,completeness/single_app_tracing/control_flow/conditional_stmt
conditional_match_006_F.py,completeness/single_app_tracing/control_flow/conditional_stmt
conditional_match_007_T.py,completeness/single_app_tracing/control_flow/conditional_stmt
conditional_match_008_F.py,completeness/single_app_tracing/control_flow/conditional_stmt
conditional_matchClass_001_T.py,completeness/single_app_tracing/control_flow/conditional_stmt
conditional_matchClass_002_F.py,completeness/single_app_tracing/control_flow/conditional_stmt
conditional_matchMapping_001_T.py,completeness/single_app_tracing/control_flow/conditional_stmt
conditional_matchMapping_002_F.py,completeness/single_app_tracing/control_flow/conditional_stmt
conditional_match_no_solver_001_F.py,accuracy/path_sensitive/loop_conditional_stmt/no_solver
conditional_match_no_solver_002_F.py,accuracy/path_sensitive/loop_conditional_stmt/no_solver
conditional_match_no_solver_003_F.py,accuracy/path_sensitive/loop_conditional_stmt/no_solver
conditional_match_no_solver_004_T.py,accuracy/path_sensitive/loop_conditional_stmt/no_solver
conditional_match_solver_001_F.py,accuracy/path_sensitive/loop_conditional_stmt/solver
conditional_match_solver_002_T.py,accuracy/path_sensitive/loop_conditional_stmt/solver
conditional_matchStar_001_T.py,completeness/single_app_tracing/control_flow/conditional_stmt
conditional_matchStar_002_F.py,completeness/single_app_tracing/control_flow/conditional_stmt
conditional_matchStar_003_T.py,completeness/single_app_tracing/control_flow/conditional_stmt
conditional_matchStar_004_F.py,completeness/single_app_tracing/control_flow/conditional_stmt
conditional_ternary_001_T.py,completeness/single_app_tracing/control_flow/conditional_stmt
conditional_ternary_002_F.py,completeness/single_app_tracing/control_flow/conditional_stmt
constructor_extends_001_T.py,completeness/single_app_tracing/function_call/override
constructor_extends_002_F.py,completeness/single_app_tracing/function_call/override
constructor_extends_003_T.py,completeness/single_app_tracing/function_call/override
constructor_extends_004_F.py,completeness/single_app_tracing/function_call/override
constructor_field_001_T.py,accuracy/field_sensitive/class
constructor_field_002_F.py,accuracy/field_sensitive/class
constructor_field_003_T.py,accuracy/field_sensitive/class
constructor_field_004_F.py,accuracy/field_sensitive/class
constructor_field_005_T.py,accuracy/field_sensitive/class
constructor_field_006_F.py,accuracy/field_sensitive/class
constructor_object_sensitive_001_T.py,accuracy/object_sensitive/class
constructor_object_sensitive_002_F.py,accuracy/object_sensitive/class
constructor_object_sensitive_003_T.py,accuracy/object_sensitive/class
constructor_object_sensitive_004_F.py,accuracy/object_sensitive/class
continue_001_T.py,accuracy/path_sensitive/explicit_jump_control
continue_002_F.py,accuracy/path_sensitive/explicit_jump_control
cross_class_001_T.py,completeness/single_app_tracing/class/complex_object
cross_class_002_F.py,completeness/single_app_tracing/class/complex_object
cross_class_003_T.py,completeness/single_app_tracing/class/complex_object
cross_class_004_F.py,completeness/single_app_tracing/class/complex_object
dataclass_decorator_001_T.py,completeness/single_app_tracing/function_call/decorator_function
dataclass_decorator_002_F.py,completeness/single_app_tracing/function_call/decorator_function
datetime_001_T.py,completeness/single_app_tracing/function_call/library_function
datetime_002_F.py,completeness/single_app_tracing/function_call/library_function
del_expression_001_T.py,completeness/single_app_tracing/expression/special_expression
del_expression_002_F.py,completeness/single_app_tracing/expression/special_expression
del_expression_003_T.py,completeness/single_app_tracing/expression/special_expression
del_expression_004_F.py,completeness/single_app_tracing/expression/special_expression
del_expression_005_T.py,completeness/single_app_tracing/expression/special_expression
del_expression_006_F.py,completeness/single_app_tracing/expression/special_expression
del_expression_007_T.py,completeness/single_app_tracing/expression/special_expression
del_expression_008_F.py,completeness/single_app_tracing/expression/special_expression
destructuring_assignment_001_T.py,completeness/single_app_tracing/expression/special_expression
destructuring_assignment_002_F.py,completeness/single_app_tracing/expression/special_expression
destructuring_assignment_003_T.py,completeness/single_app_tracing/expression/special_expression
destructuring_assignment_004_F.py,completeness/single_app_tracing/expression/special_expression
destructuring_assignment_005_T.py,completeness/single_app_tracing/expression/special_expression
destructuring_assignment_006_F.py,completeness/single_app_tracing/expression/special_expression
destructuring_assignment_007_T.py,completeness/single_app_tracing/expression/special_expression
destructuring_assignment_008_F.py,completeness/single_app_tracing/expression/special_expression
dynamic_call_reflect_001_F.py,completeness/dynamic_tracing/dynamic_call
dynamic_call_reflect_002_T.py,completeness/dynamic_tracing/dynamic_call
dynamic_call_reflect_003_T.py,completeness/dynamic_tracing/dynamic_call
dynamic_call_reflect_004_F.py,completeness/dynamic_tracing/dynamic_call
dynamic_call_reflect_005_T.py,completeness/dynamic_tracing/dynamic_call
dynamic_call_reflect_006_F.py,completeness/dynamic_tracing/dynamic_call
ellipsis_001_T.py,completeness/other/ellipsis
ellipsis_002_F.py,completeness/other/ellipsis
ellipsis_003_T.py,completeness/other/ellipsis
ellipsis_004_F.py,completeness/other/ellipsis
enum_001_T.py,completeness/single_app_tracing/expression/special_expression
enum_002_F.py,completeness/single_app_tracing/expression/special_expression
exception_catch_001_T.py,completeness/single_app_tracing/exception_error/exception_throw
exception_catch_002_F.py,completeness/single_app_tracing/exception_error/exception_throw
exception_finally_001_T.py,completeness/single_app_tracing/exception_error/exception_throw
exception_finally_002_F.py,completeness/single_app_tracing/exception_error/exception_throw
exception_throw_001_T.py,accuracy/path_sensitive/exception_throw
exception_throw_002_F.py,accuracy/path_sensitive/exception_throw
exception_throw_003_T.py,accuracy/path_sensitive/exception_throw
exception_try_001_T.py,completeness/single_app_tracing/exception_error/exception_throw
exception_try_002_F.py,completeness/single_app_tracing/exception_error/exception_throw
exception_try_else_001_T.py,completeness/single_app_tracing/exception_error/exception_throw
exception_try_else_002_F.py,completeness/single_app_tracing/exception_error/exception_throw
exception_try_except_star_001_T.py,completeness/single_app_tracing/exception_error/exception_throw
exception_try_except_star_002_F.py,completeness/single_app_tracing/exception_error/exception_throw
exponentiation_operator_001_T.py,completeness/single_app_tracing/expression/special_expression
exponentiation_operator_002_F.py,completeness/single_app_tracing/expression/special_expression
extslice_001_T.py,completeness/single_app_tracing/datatype/array
extslice_002_F.py,completeness/single_app_tracing/datatype/array
field_len_001_T.py,accuracy/field_sensitive/class
field_len_002_F.py,accuracy/field_sensitive/class
field_len_003_T.py,accuracy/field_sensitive/class
field_len_004_F.py,accuracy/field_sensitive/class
field_len_005_T.py,accuracy/field_sensitive/class
field_len_006_F.py,accuracy/field_sensitive/class
file_rw_001_T.py,completeness/other/with_as
file_rw_002_F.py,completeness/other/with_as
float_001_T.py,completeness/single_app_tracing/datatype/primitives
float_002_F.py,completeness/single_app_tracing/datatype/primitives
float_truncate_001_T.py,completeness/single_app_tracing/expression/type_cast
float_truncate_002_F.py,completeness/single_app_tracing/expression/type_cast
for_body_001_T.py,completeness/single_app_tracing/control_flow/loop_stmt
for_body_002_F.py,completeness/single_app_tracing/control_flow/loop_stmt
for_body_solver_001_T.py,accuracy/path_sensitive/loop_conditional_stmt/solver
for_body_solver_002_F.py,accuracy/path_sensitive/loop_conditional_stmt/solver
for_enumerate_001_T.py,accuracy/flow_sensitive/loop_stmt
for_enumerate_002_F.py,accuracy/flow_sensitive/loop_stmt
forin_body_001_T.py,completeness/single_app_tracing/control_flow/loop_stmt
forin_body_002_F.py,completeness/single_app_tracing/control_flow/loop_stmt
for_zip_001_T.py,accuracy/flow_sensitive/loop_stmt
for_zip_002_F.py,accuracy/flow_sensitive/loop_stmt
generator_function_001_F.py,completeness/single_app_tracing/function_call/generator_function
generator_function_002_T.py,completeness/single_app_tracing/function_call/generator_function
generator_function_003_F.py,completeness/single_app_tracing/function_call/generator_function
generator_function_004_T.py,completeness/single_app_tracing/function_call/generator_function
generator_function_005_T.py,completeness/single_app_tracing/function_call/generator_function
generator_function_006_F.py,completeness/single_app_tracing/function_call/generator_function
generator_function_007_T.py,completeness/single_app_tracing/function_call/generator_function
generator_function_008_F.py,completeness/single_app_tracing/function_call/generator_function
global_001_T.py,completeness/single_app_tracing/variable_scope/global
global_002_F.py,completeness/single_app_tracing/variable_scope/global
global_003_T.py,completeness/single_app_tracing/variable_scope/global
global_004_F.py,completeness/single_app_tracing/variable_scope/global
greater_than_equal_001_T.py,completeness/single_app_tracing/expression/basic_expression_operation
greater_than_equal_002_F.py,completeness/single_app_tracing/expression/basic_expression_operation
higher_order_001_T.py,completeness/single_app_tracing/function_call/static_method
higher_order_002_F.py,completeness/single_app_tracing/function_call/static_method
higher_order_function_001_F.py,completeness/single_app_tracing/function_call/higher_order_function
higher_order_function_002_T.py,completeness/single_app_tracing/function_call/higher_order_function
higher_order_function_003_F.py,completeness/single_app_tracing/function_call/higher_order_function
higher_order_function_004_T.py,completeness/single_app_tracing/function_call/higher_order_function
higher_order_function_005_F.py,completeness/single_app_tracing/function_call/higher_order_function
higher_order_function_006_T.py,completeness/single_app_tracing/function_call/higher_order_function
higher_order_function_007_F.py,completeness/single_app_tracing/function_call/higher_order_function
higher_order_function_008_T.py,completeness/single_app_tracing/function_call/higher_order_function
higher_order_function_009_F.py,completeness/single_app_tracing/function_call/higher_order_function
higher_order_function_010_T.py,completeness/single_app_tracing/function_call/higher_order_function
higher_order_function_011_F.py,completeness/single_app_tracing/function_call/higher_order_function
higher_order_function_012_T.py,completeness/single_app_tracing/function_call/higher_order_function
inheritance_001_T.py,accuracy/field_sensitive/class
inheritance_002_F.py,accuracy/field_sensitive/class
inheritance_class_001_T.py,completeness/single_app_tracing/class/complex_object
inheritance_class_002_F.py,completeness/single_app_tracing/class/complex_object
inject_data_new_001_T.py,completeness/single_app_tracing/class/complex_object
inject_data_new_002_F.py,completeness/single_app_tracing/class/complex_object
inject_data_new_003_T.py,completeness/single_app_tracing/class/complex_object
inject_data_new_004_F.py,completeness/single_app_tracing/class/complex_object
inject_data_new_005_T.py,completeness/single_app_tracing/class/complex_object
inject_data_new_006_F.py,completeness/single_app_tracing/class/complex_object
int_001_T.py,completeness/single_app_tracing/datatype/primitives
int_002_F.py,completeness/single_app_tracing/datatype/primitives
int_truncate_001_T.py,completeness/single_app_tracing/expression/type_cast
int_truncate_002_F.py,completeness/single_app_tracing/expression/type_cast
json_001_T.py,completeness/single_app_tracing/function_call/library_function
json_002_F.py,completeness/single_app_tracing/function_call/library_function
lambda_expression_001_T.py,completeness/single_app_tracing/expression/lambda_expression
lambda_expression_002_F.py,completeness/single_app_tracing/expression/lambda_expression
less_than_equal_001_T.py,completeness/single_app_tracing/expression/basic_expression_operation
less_than_equal_002_F.py,completeness/single_app_tracing/expression/basic_expression_operation
list_001_T.py,completeness/single_app_tracing/datatype/list
list_002_F.py,completeness/single_app_tracing/datatype/list
list_003_T.py,completeness/single_app_tracing/datatype/list
list_004_F.py,completeness/single_app_tracing/datatype/list
list_005_T.py,completeness/single_app_tracing/datatype/list
list_006_F.py,completeness/single_app_tracing/datatype/list
list_007_T.py,completeness/single_app_tracing/datatype/list
list_008_F.py,completeness/single_app_tracing/datatype/list
list_009_T.py,completeness/single_app_tracing/datatype/list
list_010_F.py,completeness/single_app_tracing/datatype/list
list_comprehension_001_T.py,completeness/single_app_tracing/expression/special_expression
list_comprehension_002_F.py,completeness/single_app_tracing/expression/special_expression
list_mc_001_T.py,accuracy/field_sensitive/multidimensional_collection
list_mc_002_F.py,accuracy/field_sensitive/multidimensional_collection
list_mc_003_T.py,accuracy/field_sensitive/multidimensional_collection
list_mc_004_F.py,accuracy/field_sensitive/multidimensional_collection
list_mc_005_T.py,accuracy/field_sensitive/multidimensional_collection
list_mc_006_F.py,accuracy/field_sensitive/multidimensional_collection
list_no_solver_001_T.py,accuracy/field_sensitive/one_dimensional_collection/numeric_index_state_no_solver
list_no_solver_002_F.py,accuracy/field_sensitive/one_dimensional_collection/numeric_index_state_no_solver
list_no_solver_003_T.py,accuracy/field_sensitive/one_dimensional_collection/numeric_index_state_no_solver
list_no_solver_004_F.py,accuracy/field_sensitive/one_dimensional_collection/numeric_index_state_no_solver
list_object_sensitive_001_T.py,accuracy/object_sensitive/collection
list_object_sensitive_002_F.py,accuracy/object_sensitive/collection
list_object_sensitive_003_T.py,accuracy/object_sensitive/collection
list_object_sensitive_004_F.py,accuracy/object_sensitive/collection
list_object_sensitive_005_T.py,accuracy/object_sensitive/collection
list_object_sensitive_006_F.py,accuracy/object_sensitive/collection
list_object_sensitive_007_T.py,accuracy/object_sensitive/collection
list_object_sensitive_008_F.py,accuracy/object_sensitive/collection
list_solver_001_T.py,accuracy/field_sensitive/one_dimensional_collection/numeric_index_state_solver
list_solver_002_F.py,accuracy/field_sensitive/one_dimensional_collection/numeric_index_state_solver
list_solver_003_T.py,accuracy/field_sensitive/one_dimensional_collection/numeric_index_state_solver
list_solver_004_F.py,accuracy/field_sensitive/one_dimensional_collection/numeric_index_state_solver
logical_and_001_T.py,completeness/single_app_tracing/expression/conditional_expression
logical_and_002_F.py,completeness/single_app_tracing/expression/conditional_expression
logical_or_001_T.py,completeness/single_app_tracing/expression/conditional_expression
logical_or_002_F.py,completeness/single_app_tracing/expression/conditional_expression
logic_expression_and_001_F.py,completeness/single_app_tracing/expression/basic_expression_operation
logic_expression_and_002_T.py,completeness/single_app_tracing/expression/basic_expression_operation
logic_expression_or_001_T.py,completeness/single_app_tracing/expression/basic_expression_operation
logic_expression_or_002_F.py,completeness/single_app_tracing/expression/basic_expression_operation
map_001_T.py,completeness/single_app_tracing/datatype/map
map_002_F.py,completeness/single_app_tracing/datatype/map
map_003_T.py,completeness/single_app_tracing/datatype/map
map_004_F.py,completeness/single_app_tracing/datatype/map
map_005_T.py,completeness/single_app_tracing/datatype/map
map_006_F.py,completeness/single_app_tracing/datatype/map
map_007_T.py,completeness/single_app_tracing/datatype/map
map_008_F.py,completeness/single_app_tracing/datatype/map
map_009_T.py,completeness/single_app_tracing/datatype/map
map_010_F.py,completeness/single_app_tracing/datatype/map
map_comprehension_001_T.py,completeness/single_app_tracing/expression/special_expression
map_comprehension_002_F.py,completeness/single_app_tracing/expression/special_expression
map_field_sensitive_001_T.py,accuracy/field_sensitive/one_dimensional_collection/numeric_index_state_no_solver
map_field_sensitive_002_F.py,accuracy/field_sensitive/one_dimensional_collection/numeric_index_state_no_solver
map_field_sensitive_003_F.py,accuracy/field_sensitive/one_dimensional_collection/numeric_index_state_no_solver
map_field_sensitive_004_T.py,accuracy/field_sensitive/one_dimensional_collection/numeric_index_state_no_solver
map_field_sensitive_005_F.py,accuracy/field_sensitive/one_dimensional_collection/numeric_index_state_no_solver
map_field_sensitive_006_T.py,accuracy/field_sensitive/one_dimensional_collection/numeric_index_state_no_solver
map_field_sensitive_007_F.py,accuracy/field_sensitive/one_dimensional_collection/numeric_index_state_no_solver
map_field_sensitive_008_T.py,accuracy/field_sensitive/one_dimensional_collection/numeric_index_state_no_solver
map_field_sensitive_009_F.py,accuracy/field_sensitive/one_dimensional_collection/numeric_index_state_no_solver
map_field_sensitive_010_T.py,accuracy/field_sensitive/one_dimensional_collection/numeric_index_state_no_solver
map_field_sensitive_011_F.py,accuracy/field_sensitive/one_dimensional_collection/numeric_index_state_no_solver
map_field_sensitive_012_T.py,accuracy/field_sensitive/one_dimensional_collection/numeric_index_state_no_solver
map_field_sensitive_013_F.py,accuracy/field_sensitive/one_dimensional_collection/numeric_index_state_no_solver
map_field_sensitive_014_T.py,accuracy/field_sensitive/one_dimensional_collection/numeric_index_state_no_solver
map_field_sensitive_015_F.py,accuracy/field_sensitive/one_dimensional_collection/numeric_index_state_no_solver
map_mc_001_T.py,accuracy/field_sensitive/multidimensional_collection
map_mc_002_F.py,accuracy/field_sensitive/multidimensional_collection
map_mc_003_T.py,accuracy/field_sensitive/multidimensional_collection
map_mc_004_F.py,accuracy/field_sensitive/multidimensional_collection
map_object_sensitive_001_T.py,accuracy/object_sensitive/collection
map_object_sensitive_002_F.py,accuracy/object_sensitive/collection
map_object_sensitive_003_T.py,accuracy/object_sensitive/collection
map_object_sensitive_004_F.py,accuracy/object_sensitive/collection
map_solver_001_T.py,accuracy/field_sensitive/one_dimensional_collection/numeric_index_state_solver
map_solver_002_F.py,accuracy/field_sensitive/one_dimensional_collection/numeric_index_state_solver
map_solver_003_T.py,accuracy/field_sensitive/one_dimensional_collection/numeric_index_state_solver
map_solver_004_F.py,accuracy/field_sensitive/one_dimensional_collection/numeric_index_state_solver
math_001_T.py,completeness/single_app_tracing/function_call/library_function
math_002_F.py,completeness/single_app_tracing/function_call/library_function
multi_invoke_001_T.py,accuracy/context_sensitive/multi_invoke
multi_invoke_002_F.py,accuracy/context_sensitive/multi_invoke
multi_invoke_003_T.py,accuracy/context_sensitive/multi_invoke
multi_invoke_004_F.py,accuracy/context_sensitive/multi_invoke
multi_target_assignment_001_T.py,completeness/single_app_tracing/expression/special_expression
multi_target_assignment_002_F.py,completeness/single_app_tracing/expression/special_expression
nested_loop_001_T.py,completeness/single_app_tracing/control_flow/loop_stmt
nested_loop_002_F.py,completeness/single_app_tracing/control_flow/loop_stmt
none_001_T.py,completeness/single_app_tracing/datatype/primitives
none_002_F.py,completeness/single_app_tracing/datatype/primitives
nonlocal_001_T.py,completeness/single_app_tracing/variable_scope/nonlocal
nonlocal_002_F.py,completeness/single_app_tracing/variable_scope/nonlocal
numpy_array_001_T.py,completeness/single_app_tracing/datatype/array
numpy_array_002_F.py,completeness/single_app_tracing/datatype/array
os_001_T.py,completeness/single_app_tracing/function_call/library_function
os_002_F.py,completeness/single_app_tracing/function_call/library_function
polymorphism_001_T.py,accuracy/context_sensitive/polymorphism
polymorphism_002_F.py,accuracy/context_sensitive/polymorphism
polymorphism_003_T.py,accuracy/context_sensitive/polymorphism
polymorphism_004_F.py,accuracy/context_sensitive/polymorphism
polymorphism_005_T.py,accuracy/context_sensitive/polymorphism
polymorphism_006_F.py,accuracy/context_sensitive/polymorphism
polymorphism_override_001_T.py,completeness/single_app_tracing/function_call/override
polymorphism_override_002_F.py,completeness/single_app_tracing/function_call/override
private_variable_001_T.py,completeness/single_app_tracing/variable_scope/private_variable
private_variable_002_F.py,completeness/single_app_tracing/variable_scope/private_variable
property_decorator_001_T.py,completeness/single_app_tracing/function_call/decorator_function
property_decorator_002_F.py,completeness/single_app_tracing/function_call/decorator_function
re_001_T.py,completeness/single_app_tracing/function_call/library_function
re_002_F.py,completeness/single_app_tracing/function_call/library_function
relation_expression_equal_001_T.py,completeness/single_app_tracing/expression/basic_expression_operation
relation_expression_equal_002_F.py,completeness/single_app_tracing/expression/basic_expression_operation
relation_expression_greater_001_T.py,completeness/single_app_tracing/expression/basic_expression_operation
relation_expression_greater_002_F.py,completeness/single_app_tracing/expression/basic_expression_operation
relation_expression_in_001_T.py,completeness/single_app_tracing/expression/basic_expression_operation
relation_expression_in_002_F.py,completeness/single_app_tracing/expression/basic_expression_operation
relation_expression_is_001_T.py,completeness/single_app_tracing/expression/basic_expression_operation
relation_expression_is_002_F.py,completeness/single_app_tracing/expression/basic_expression_operation
relation_expression_is_not_001_T.py,completeness/single_app_tracing/expression/basic_expression_operation
relation_expression_is_not_002_F.py,completeness/single_app_tracing/expression/basic_expression_operation
relation_expression_less_001_T.py,completeness/single_app_tracing/expression/basic_expression_operation
relation_expression_less_002_F.py,completeness/single_app_tracing/expression/basic_expression_operation
relation_expression_not_equal_001_T.py,completeness/single_app_tracing/expression/basic_expression_operation
relation_expression_not_equal_002_F.py,completeness/single_app_tracing/expression/basic_expression_operation
relation_expression_not_in_001_T.py,completeness/single_app_tracing/expression/basic_expression_operation
relation_expression_not_in_002_F.py,completeness/single_app_tracing/expression/basic_expression_operation
rest_parameter_001_T.py,completeness/single_app_tracing/expression/special_expression
rest_parameter_002_F.py,completeness/single_app_tracing/expression/special_expression
rest_parameter_no_solver_001_T.py,accuracy/field_sensitive/one_dimensional_collection/numeric_index_state_no_solver
rest_parameter_no_solver_002_F.py,accuracy/field_sensitive/one_dimensional_collection/numeric_index_state_no_solver
return_001_T.py,accuracy/path_sensitive/explicit_jump_control
return_002_F.py,accuracy/path_sensitive/explicit_jump_control
return_normal_value_passing_001_F.py,completeness/single_app_tracing/function_call/return_value_passing
return_normal_value_passing_002_T.py,completeness/single_app_tracing/function_call/return_value_passing
return_normal_value_passing_003_F.py,completeness/single_app_tracing/function_call/return_value_passing
return_normal_value_passing_004_T.py,completeness/single_app_tracing/function_call/return_value_passing
return_normal_value_passing_005_T.py,completeness/single_app_tracing/function_call/return_value_passing
return_normal_value_passing_006_F.py,completeness/single_app_tracing/function_call/return_value_passing
return_value_passing_001_T.py,accuracy/context_sensitive/argument_return_value_passing
return_value_passing_002_F.py,accuracy/context_sensitive/argument_return_value_passing
return_value_passing_003_T.py,accuracy/context_sensitive/argument_return_value_passing
return_value_passing_004_F.py,accuracy/context_sensitive/argument_return_value_passing
set_001_T.py,completeness/single_app_tracing/datatype/collections
set_002_F.py,completeness/single_app_tracing/datatype/collections
set_003_T.py,completeness/single_app_tracing/datatype/collections
set_004_F.py,completeness/single_app_tracing/datatype/collections
set_005_T.py,completeness/single_app_tracing/datatype/collections
set_006_F.py,completeness/single_app_tracing/datatype/collections
set_007_T.py,completeness/single_app_tracing/datatype/collections
set_008_F.py,completeness/single_app_tracing/datatype/collections
set_comprehension_001_T.py,completeness/single_app_tracing/expression/special_expression
set_comprehension_002_F.py,completeness/single_app_tracing/expression/special_expression
set_object_sensitive_001_T.py,accuracy/object_sensitive/collection
set_object_sensitive_002_F.py,accuracy/object_sensitive/collection
set_object_sensitive_003_T.py,accuracy/object_sensitive/collection
set_object_sensitive_004_F.py,accuracy/object_sensitive/collection
simple_object_001_T.py,completeness/single_app_tracing/class/simple_object
simple_object_002_F.py,completeness/single_app_tracing/class/simple_object
simple_object_003_T.py,completeness/single_app_tracing/class/simple_object
simple_object_004_F.py,completeness/single_app_tracing/class/simple_object
simple_object_005_T.py,completeness/single_app_tracing/class/simple_object
simple_object_006_F.py,completeness/single_app_tracing/class/simple_object
spread_operator_001_T.py,completeness/single_app_tracing/expression/special_expression
spread_operator_002_F.py,completeness/single_app_tracing/expression/special_expression
spread_operator_003_T.py,completeness/single_app_tracing/expression/special_expression
spread_operator_004_F.py,completeness/single_app_tracing/expression/special_expression
spread_operator_005_T.py,completeness/single_app_tracing/expression/special_expression
spread_operator_006_F.py,completeness/single_app_tracing/expression/special_expression
spread_operator_007_T.py,completeness/single_app_tracing/expression/special_expression
spread_operator_008_F.py,completeness/single_app_tracing/expression/special_expression
spread_operator_no_solver_001_T.py,accuracy/field_sensitive/one_dimensional_collection/numeric_index_state_no_solver
spread_operator_no_solver_002_F.py,accuracy/field_sensitive/one_dimensional_collection/numeric_index_state_no_solver
spread_operator_no_solver_003_T.py,accuracy/field_sensitive/one_dimensional_collection/numeric_index_state_no_solver
spread_operator_no_solver_004_F.py,accuracy/field_sensitive/one_dimensional_collection/numeric_index_state_no_solver
static_access_001_T.py,completeness/single_app_tracing/function_call/static_method
static_access_002_F.py,completeness/single_app_tracing/function_call/static_method
staticmethod_decorator_001_T.py,completeness/single_app_tracing/function_call/decorator_function
staticmethod_decorator_002_F.py,completeness/single_app_tracing/function_call/decorator_function
static_method_override_001_T.py,completeness/single_app_tracing/function_call/override
static_method_override_002_F.py,completeness/single_app_tracing/function_call/override
static_variable_001_T.py,completeness/single_app_tracing/variable_scope/static_variable
static_variable_002_F.py,completeness/single_app_tracing/variable_scope/static_variable
static_variable_003_T.py,completeness/single_app_tracing/variable_scope/static_variable
static_variable_004_F.py,completeness/single_app_tracing/variable_scope/static_variable
str_001_T.py,completeness/single_app_tracing/datatype/primitives
str_002_F.py,completeness/single_app_tracing/datatype/primitives
str_conversion_001_T.py,completeness/single_app_tracing/expression/type_cast
str_conversion_002_F.py,completeness/single_app_tracing/expression/type_cast
string_001_T.py,completeness/single_app_tracing/function_call/library_function
string_002_F.py,completeness/single_app_tracing/function_call/library_function
template_literal_001_T.py,completeness/single_app_tracing/expression/special_expression
template_literal_002_F.py,completeness/single_app_tracing/expression/special_expression
template_literal_003_T.py,completeness/single_app_tracing/expression/special_expression
template_literal_004_F.py,completeness/single_app_tracing/expression/special_expression
template_literal_005_T.py,completeness/single_app_tracing/expression/special_expression
template_literal_006_F.py,completeness/single_app_tracing/expression/special_expression
traverse_001_T.py,completeness/single_app_tracing/control_flow/loop_stmt
traverse_002_F.py,completeness/single_app_tracing/control_flow/loop_stmt
tuple_001_T.py,completeness/single_app_tracing/datatype/tuple
tuple_002_F.py,completeness/single_app_tracing/datatype/tuple
tuple_003_T.py,completeness/single_app_tracing/datatype/tuple
tuple_004_F.py,completeness/single_app_tracing/datatype/tuple
type_alias_001_T.py,completeness/single_app_tracing/alias
type_alias_002_F.py,completeness/single_app_tracing/alias
type_alias_003_T.py,completeness/single_app_tracing/alias
type_alias_004_F.py,completeness/single_app_tracing/alias
type_annotation_any_001_T.py,completeness/single_app_tracing/datatype/any
type_annotation_any_002_F.py,completeness/single_app_tracing/datatype/any
type_annotation_bool_001_T.py,completeness/single_app_tracing/datatype/primitives
type_annotation_bool_002_F.py,completeness/single_app_tracing/datatype/primitives
type_annotation_complex_001_T.py,completeness/single_app_tracing/datatype/primitives
type_annotation_complex_002_F.py,completeness/single_app_tracing/datatype/primitives
type_annotation_customize_001_T.py,completeness/single_app_tracing/datatype/customize
type_annotation_customize_002_F.py,completeness/single_app_tracing/datatype/customize
type_annotation_float_001_T.py,completeness/single_app_tracing/datatype/primitives
type_annotation_float_002_F.py,completeness/single_app_tracing/datatype/primitives
type_annotation_int_001_T.py,completeness/single_app_tracing/datatype/primitives
type_annotation_int_002_F.py,completeness/single_app_tracing/datatype/primitives
type_annotation_new_type_001_T.py,completeness/single_app_tracing/datatype/new_type
type_annotation_new_type_002_F.py,completeness/single_app_tracing/datatype/new_type
type_annotation_none_001_T.py,completeness/single_app_tracing/datatype/primitives
type_annotation_none_002_F.py,completeness/single_app_tracing/datatype/primitives
type_annotation_str_001_T.py,completeness/single_app_tracing/datatype/primitives
type_annotation_str_002_F.py,completeness/single_app_tracing/datatype/primitives
type_cast_001_T.py,completeness/single_app_tracing/expression/type_cast
type_cast_002_F.py,completeness/single_app_tracing/expression/type_cast
typeignore_001_T.py,completeness/other/typeignore
typeignore_002_F.py,completeness/other/typeignore
unary_expression_not_001_T.py,completeness/single_app_tracing/expression/basic_expression_operation
unary_expression_not_002_F.py,completeness/single_app_tracing/expression/basic_expression_operation
unary_expression_uadd_001_T.py,completeness/single_app_tracing/expression/basic_expression_operation
unary_expression_uadd_002_F.py,completeness/single_app_tracing/expression/basic_expression_operation
unary_expression_usub_001_T.py,completeness/single_app_tracing/expression/basic_expression_operation
unary_expression_usub_002_F.py,completeness/single_app_tracing/expression/basic_expression_operation
variable_swap_001_T.py,completeness/single_app_tracing/expression/special_expression
variable_swap_002_F.py,completeness/single_app_tracing/expression/special_expression
while_body_001_T.py,completeness/single_app_tracing/control_flow/loop_stmt
while_body_002_F.py,completeness/single_app_tracing/control_flow/loop_stmt
while_body_solver_001_F.py,accuracy/path_sensitive/loop_conditional_stmt/solver
while_body_solver_002_T.py,accuracy/path_sensitive/loop_conditional_stmt/solver
while_break_001_T.py,completeness/single_app_tracing/control_flow/loop_stmt
while_break_002_F.py,completeness/single_app_tracing/control_flow/loop_stmt
while_else_001_T.py,completeness/single_app_tracing/control_flow/loop_stmt
while_else_002_F.py,completeness/single_app_tracing/control_flow/loop_stmt
yieldFrom_001_T.py,completeness/single_app_tracing/function_call/generator_function
yieldFrom_002_F.py,completeness/single_app_tracing/function_call/generator_function
yieldFrom_003_T.py,completeness/single_app_tracing/function_call/generator_function
yieldFrom_004_F.py,completeness/single_app_tracing/function_call/generator_function
